EmpID,Last Name,First Name,Region,State,City, Qtr1 , Qtr2 , Qtr3 ,Date_hired,Salary,Yrs_Service,Password
1,Frankel,Al,Eastern,NY,New York,50000.00,204276.00,248410.44,1990-03-05,600000.00,,
2,Steel,Alan,Western,TX,Houston,15000.00,125000.00,78000.00,2000-10-10,50000.00,,
3,Feodorov,Alex,Eastern,DC,Washington,90978.80,136201.20,322635.60,1995-03-04,63905.00,,
4,Sullivan,Alison,Midwest,MO,St. Louis,53379.70,253351.20,94500.00,2005-12-09,123000.50,,
5,Jackson,Barbara,Eastern,ME,Portland,162404.00,145000.00,122199.52,2008-02-01,90000.00,,
6,Schultz,Bill,Western,CO,Pueblo,180000.00,215544.00,151374.24,1998-02-12,54000.00,,
7,Arnold,Bob,Southern,AL,Mobile,190212.00,296568.00,142907.52,2004-12-12,68000.45,,
8,Thompson,Cheryl,Eastern,NJ,Trenton,94128.10,271140.00,205000.00,1995-03-03,23000.00,,
9,Long,Chris,Western,ID,Boise,210000.00,85744.80,297291.24,1992-02-01,90000.00,,
10,Moore,Clint,Southern,AR,Little Rock,169261.40,280000.00,249103.60,2003-12-09,75000.00,,
11,Fox,Cynthia,Western,CA,Malibu,126077.60,126138.00,251000.00,2007-03-11,90000.00,,
12,Robbins,Dave,Eastern,CT,Hartford,216584.50,339301.20,141616.68,2008-02-01,23000.00,,
13,Smith,Dawn,Midwest,IL,Chicago,125000.00,245000.00,379953.36,1998-02-12,90000.00,,
14,Shelly,Dick,Midwest,IN,Indianapolis,100000.00,180016.80,241000.00,2004-12-12,23000.00,,
15,O'Connors,Doug,Western,CA,San Francisco,80817.00,213034.80,223212.40,1995-03-03,90000.00,,
16,Streep,Frank,Southern,TX,Dallas,278000.00,130648.80,1200000.00,1992-02-01,23000.00,,
17,Williams,Frank,Western,CA,Los Angeles,105499.90,250000.00,323819.80,2008-12-09,90000.00,,
18,Silvestri,Fred,Southern,KY,Lexington,50000.00,125000.00,82939.88,2007-03-11,75000.00,,
